City_ID,City,Country,Lat,Lng,Max Temp,Humidity,Cloudiness,Wind Speed,Current Description
0,Srandakan,ID,-7.9386,110.2506,75.72,62,100,1.03,overcast clouds
1,Palizada,MX,18.25,-92.0833,69.15,94,5,3.98,clear sky
2,Miranda,CO,3.2499,-76.2281,71.73,96,100,1.36,overcast clouds
3,Verkhoyansk,RU,67.5447,133.385,-16.55,90,78,1.16,broken clouds
4,Bose,IT,45.4612,8.0137,42.24,51,12,4.27,few clouds
5,Avera,US,33.194,-82.5271,55.27,65,0,6.49,clear sky
6,Aksha,RU,50.2814,113.2867,-0.71,68,100,5.46,overcast clouds
7,Bathsheba,BB,13.2167,-59.5167,77.61,53,20,21.85,few clouds
8,Akdepe,TM,42.0551,59.3788,33.8,65,66,5.93,broken clouds
9,Cockburn Town,TC,21.4612,-71.1419,77.43,84,3,22.93,clear sky
10,La Palma,US,33.8464,-118.0467,79.2,46,0,5.75,clear sky
11,Talnakh,RU,69.4865,88.3972,-10.17,84,98,9.71,overcast clouds
12,Busselton,AU,-33.65,115.3333,67.05,64,58,15.03,broken clouds
13,Butaritari,KI,3.0707,172.7902,82.36,77,90,16.8,light rain
14,Swellendam,ZA,-34.0226,20.4417,66.38,78,3,3.47,clear sky
15,Hilo,US,19.7297,-155.09,76.73,71,100,5.75,overcast clouds
16,Lasa,IT,46.6166,10.7002,31.62,38,4,1.83,clear sky
17,Bengkulu,ID,-3.8004,102.2655,83.44,62,100,4.03,overcast clouds
18,Mahebourg,MU,-20.4081,57.7,78.26,94,40,5.75,light intensity shower rain
19,Bethel,US,41.3712,-73.414,49.71,63,0,5.75,clear sky
20,Saint-Philippe,RE,-21.3585,55.7679,78.39,69,64,5.68,broken clouds
21,Manaus,BR,-3.1019,-60.025,77.49,100,40,3.44,scattered clouds
22,Arraial Do Cabo,BR,-22.9661,-42.0278,74.59,84,100,0.94,overcast clouds
23,Picos,BR,-7.0769,-41.4669,71.82,93,74,1.1,broken clouds
24,Alta Floresta,BR,-9.8756,-56.0861,71.65,96,97,1.77,overcast clouds
25,Atuona,PF,-9.8,-139.0333,78.08,75,8,12.77,clear sky
26,Geraldton,AU,-28.7667,114.6,84.61,58,30,16.11,scattered clouds
27,Port Hedland,AU,-20.3167,118.5667,95.05,52,75,8.05,broken clouds
28,Cabo San Lucas,MX,22.8909,-109.9124,68.5,72,0,0.0,clear sky
29,Upernavik,GL,72.7868,-56.1549,-9.02,83,100,16.31,overcast clouds
30,Zhigansk,RU,66.7697,123.3711,-24.7,98,99,5.84,overcast clouds
31,Ribeira Grande,PT,38.5167,-28.7,59.99,77,83,13.04,broken clouds
32,Bredasdorp,ZA,-34.5322,20.0403,65.28,95,9,3.02,clear sky
33,Kampene,CD,-3.6,26.6667,67.6,91,100,2.26,overcast clouds
34,Verkh-Usugli,RU,52.7,115.1667,-0.99,71,27,2.26,scattered clouds
35,Cidreira,BR,-30.1811,-50.2056,73.92,84,0,18.54,clear sky
36,Acapulco,MX,16.8634,-99.8901,78.62,69,75,8.05,broken clouds
37,Husavik,IS,66.0449,-17.3389,19.31,83,98,8.23,overcast clouds
38,Rocha,UY,-34.4833,-54.3333,67.82,96,97,2.53,overcast clouds
39,Punta Arenas,CL,-53.15,-70.9167,55.51,82,75,26.46,light rain
40,Daitari,IN,21.1,85.75,69.33,37,24,1.95,few clouds
41,Rikitea,PF,-23.1203,-134.9692,79.18,74,5,16.93,clear sky
42,Hamilton,US,39.1834,-84.5333,43.43,89,100,9.22,light rain
43,Margate,GB,51.3813,1.3862,43.3,87,54,3.0,broken clouds
44,Hermanus,ZA,-34.4187,19.2345,65.8,90,28,8.97,scattered clouds
45,Half Moon Bay,US,37.4636,-122.4286,67.91,56,0,12.66,clear sky
46,Tha Bo,TH,17.85,102.5814,78.69,73,75,9.22,broken clouds
47,Albany,US,42.6001,-73.9662,50.61,56,100,8.05,light rain
48,Airai,TL,-8.9266,125.4092,72.25,72,91,1.63,overcast clouds
49,Kaitangata,NZ,-46.2817,169.8464,60.93,60,90,14.18,overcast clouds
50,Hobart,AU,-42.8794,147.3294,73.06,43,20,12.66,few clouds
51,Nome,US,64.5011,-165.4064,1.47,55,0,13.8,clear sky
52,Karratha,AU,-20.7377,116.8463,94.06,47,7,13.11,clear sky
53,Mataura,NZ,-46.1927,168.8643,59.49,45,78,9.33,broken clouds
54,Katsuura,JP,35.1333,140.3,44.71,48,61,6.69,broken clouds
55,Ushuaia,AR,-54.8,-68.3,51.46,93,75,12.66,broken clouds
56,Vaini,TO,-21.2,-175.2,86.16,84,20,9.22,few clouds
57,Barrow,US,71.2906,-156.7887,-36.38,100,0,6.91,haze
58,Pevek,RU,69.7008,170.3133,-29.81,100,98,6.13,overcast clouds
59,Te Anau,NZ,-45.4167,167.7167,63.64,47,98,7.27,overcast clouds
60,Port Alfred,ZA,-33.5906,26.891,71.65,88,14,3.67,few clouds
61,Zhangjiakou,CN,40.81,114.8794,27.48,66,100,4.94,light snow
62,Sao Filipe,CV,14.8961,-24.4956,79.3,46,98,14.41,overcast clouds
63,Tuktoyaktuk,CA,69.4541,-133.0374,-23.8,69,40,4.61,scattered clouds
64,Bluff,NZ,-46.6,168.3333,59.81,60,58,16.91,broken clouds
65,Karasjok,NO,69.4719,25.5112,10.51,97,45,2.55,scattered clouds
66,Avarua,CK,-21.2078,-159.775,82.45,74,83,8.05,broken clouds
67,Catuday,PH,16.2923,119.8062,82.99,57,43,5.01,scattered clouds
68,Guerrero Negro,MX,27.9769,-114.0611,64.2,58,0,9.6,clear sky
69,Burnie,AU,-41.0667,145.9167,65.84,58,0,8.03,clear sky
70,Prieska,ZA,-29.6641,22.7474,75.74,38,0,4.14,clear sky
71,Turukhansk,RU,65.8167,87.9833,-13.22,83,3,5.14,clear sky
72,San Policarpo,PH,12.1791,125.5072,79.32,87,100,14.23,light rain
73,Hasaki,JP,35.7333,140.8333,50.29,47,91,8.75,overcast clouds
74,Lesozavodsk,RU,45.4794,133.4244,15.82,83,100,11.25,overcast clouds
75,Arman,RU,59.7,150.1667,10.02,77,95,3.2,overcast clouds
76,Njombe,TZ,-9.3333,34.7667,57.04,96,100,0.78,overcast clouds
77,Olinda,BR,-8.0089,-34.8553,82.13,78,75,5.75,broken clouds
78,Thompson,CA,55.7435,-97.8558,-21.84,76,75,5.75,broken clouds
79,Cape Town,ZA,-33.9258,18.4232,66.88,83,0,14.97,clear sky
80,Broome,US,42.2506,-75.833,48.2,60,40,10.36,scattered clouds
81,Manyana,BW,-23.4,21.7167,67.84,64,4,7.43,clear sky
82,Lugovoy,KZ,42.9472,72.7644,34.66,95,99,6.35,overcast clouds
83,Beatrice,US,40.2681,-96.747,19.89,53,0,10.36,clear sky
84,Qaanaaq,GL,77.484,-69.3632,-23.06,50,0,6.91,clear sky
85,Anchorage,US,61.2181,-149.9003,30.31,79,100,9.22,overcast clouds
86,Isangel,VU,-19.55,169.2667,87.91,79,75,6.91,broken clouds
87,Mulege,MX,26.8833,-111.9833,63.54,37,0,2.66,clear sky
88,Kulhudhuffushi,MV,6.6221,73.07,81.54,73,91,6.55,overcast clouds
89,Port Elizabeth,ZA,-33.918,25.5701,62.89,88,0,3.44,clear sky
90,Ostrovnoy,RU,68.0531,39.5131,14.74,96,97,7.27,overcast clouds
91,Port Lincoln,AU,-34.7333,135.8667,73.72,53,0,11.9,clear sky
92,Xuddur,SO,4.1213,43.8894,64.89,80,19,13.33,few clouds
93,Nsunga,TZ,-1.1439,31.3947,61.83,93,100,3.53,overcast clouds
94,Nikolskoye,RU,59.7035,30.7861,24.69,93,28,7.78,scattered clouds
95,Kenora,CA,49.8167,-94.4337,-13.61,64,0,8.05,clear sky
96,Sabang,ID,5.8933,95.3214,79.25,83,94,16.49,light rain
97,Eyl,SO,7.9803,49.8164,72.73,64,100,11.48,overcast clouds
98,Khatanga,RU,71.9667,102.5,-2.81,85,96,12.64,overcast clouds
99,Chimbote,PE,-9.0853,-78.5783,69.84,84,100,5.1,overcast clouds
100,Caracuaro,MX,19.0106,-101.1264,68.11,29,8,4.94,clear sky
101,Saskylakh,RU,71.9167,114.0833,2.46,86,85,12.66,overcast clouds
102,Ibra,OM,22.6906,58.5334,63.32,57,0,1.92,clear sky
103,Bekovo,RU,52.4663,43.712,13.59,97,73,6.89,broken clouds
104,Birjand,IR,32.8663,59.2211,39.67,41,0,6.91,clear sky
105,Richards Bay,ZA,-28.783,32.0377,70.25,90,3,5.75,clear sky
106,Havre-Saint-Pierre,CA,50.2334,-63.5986,21.2,85,100,12.66,overcast clouds
107,Hukuntsi,BW,-24.0,21.75,70.21,60,5,8.12,clear sky
108,Bubaque,GW,11.2833,-15.8333,78.8,62,1,11.14,clear sky
109,Boende,CD,-0.2167,20.8667,78.33,63,100,1.88,overcast clouds
110,Sorong,ID,-0.8833,131.25,81.34,78,63,4.16,light rain
111,Shamkhal,RU,43.0596,47.3373,31.98,73,3,4.76,clear sky
112,Kudat,MY,6.8837,116.8477,75.13,100,40,4.61,scattered clouds
113,Mar Del Plata,AR,-38.0023,-57.5575,63.09,77,100,24.0,overcast clouds
114,Bambous Virieux,MU,-20.3428,57.7575,78.22,94,40,5.75,light intensity shower rain
115,Kuytun,RU,54.3419,101.5036,-14.15,96,87,2.53,overcast clouds
116,Samarai,PG,-10.6167,150.6667,83.26,60,35,15.59,scattered clouds
117,Kholm,RU,59.2667,32.85,18.63,94,89,8.39,overcast clouds
118,Nenjiang,CN,49.1833,125.2167,7.29,79,81,8.59,broken clouds
119,Calderitas,MX,18.55,-88.25,73.09,90,1,8.72,clear sky
120,Whitehorse,CA,60.7161,-135.0538,29.17,74,75,18.41,broken clouds
121,Tupik,RU,54.4253,119.9327,-5.73,82,96,5.53,overcast clouds
122,Esperance,AU,-33.8667,121.9,71.44,87,100,14.83,overcast clouds
123,Bandarbeyla,SO,9.4942,50.8122,75.67,57,33,12.97,scattered clouds
124,Dikson,RU,73.5069,80.5464,3.13,80,100,27.78,overcast clouds
125,Narsaq,GL,60.9167,-46.05,28.62,90,100,9.57,light snow
126,Nanortalik,GL,60.1432,-45.2371,29.59,77,100,13.24,overcast clouds
127,Tabas,IR,33.5959,56.9244,53.78,42,93,4.92,overcast clouds
128,Maputo,MZ,-25.9653,32.5892,75.22,89,75,1.14,broken clouds
129,Pacific Grove,US,36.6177,-121.9166,66.16,70,0,4.0,clear sky
130,Padang,ID,-0.9492,100.3543,86.05,63,100,4.47,overcast clouds
131,Lebu,CL,-37.6167,-73.65,56.79,83,0,15.9,clear sky
132,Clyde River,CA,70.4692,-68.5914,-16.37,76,100,32.21,snow
133,Saldanha,ZA,-33.0117,17.9442,62.65,94,70,10.49,broken clouds
134,Knysna,ZA,-34.0363,23.0471,64.78,69,0,2.53,clear sky
135,Tasiilaq,GL,65.6145,-37.6368,12.36,64,95,3.67,overcast clouds
136,Hithadhoo,MV,-0.6,73.0833,81.18,70,96,8.57,overcast clouds
137,Kribi,CM,2.95,9.9167,78.3,87,28,5.84,scattered clouds
138,Jamestown,US,42.097,-79.2353,44.1,68,100,11.5,overcast clouds
139,Constitucion,CL,-35.3333,-72.4167,61.36,50,0,5.41,clear sky
140,Dodge City,US,37.7528,-100.0171,41.65,49,40,23.0,scattered clouds
141,Mayya,RU,61.7333,130.2811,-26.28,90,63,3.67,broken clouds
142,Sidi Ali,DZ,36.0998,0.4206,47.26,88,66,4.83,broken clouds
143,Homer,US,59.6425,-151.5483,30.79,79,100,17.0,overcast clouds
144,Nantucket,US,41.2835,-70.0995,47.25,88,0,9.22,clear sky
145,Yarmouth,US,41.7057,-70.2286,47.25,83,0,9.22,clear sky
146,Ruteng,ID,-8.6136,120.4721,70.36,81,100,1.52,overcast clouds
147,Ponta Do Sol,PT,32.6667,-17.1,64.06,69,8,5.46,clear sky
148,Westport,US,41.1415,-73.3579,50.95,68,0,7.0,clear sky
149,Zychlin,PL,52.244,19.6261,32.22,85,19,8.88,few clouds
150,Korla,CN,41.7597,86.1469,30.15,40,13,7.81,few clouds
151,Alibag,IN,18.6411,72.8792,77.07,39,17,6.29,few clouds
152,Andenes,NO,69.3143,16.1194,28.38,69,75,11.5,broken clouds
153,Shudayag,RU,63.5266,53.6058,12.83,94,100,8.19,overcast clouds
154,Esna,EG,25.2934,32.554,44.62,56,0,5.55,clear sky
155,Kapaa,US,22.0752,-159.319,78.78,67,40,6.91,scattered clouds
156,Saint Anthony,US,45.0205,-93.218,8.55,65,0,18.41,clear sky
157,Tiksi,RU,71.6872,128.8694,-9.63,92,87,17.52,overcast clouds
158,Kodiak,US,57.79,-152.4072,36.91,93,100,5.75,light snow
159,Klaksvik,FO,62.2266,-6.589,40.12,95,100,28.3,overcast clouds
160,Gushikawa,JP,26.3544,127.8686,72.99,73,75,13.8,broken clouds
161,Osakarovka,KZ,50.565,72.5692,14.41,94,100,16.87,snow
162,Beboto,TD,8.2668,16.939,66.83,19,4,3.4,clear sky
163,Sampit,ID,-2.5333,112.95,77.4,87,100,2.95,overcast clouds
164,Georgetown,MY,5.4112,100.3354,84.13,75,20,5.99,few clouds
165,Buraydah,SA,26.326,43.975,48.65,50,0,9.62,clear sky
166,Huarmey,PE,-10.0681,-78.1522,71.4,82,100,7.05,overcast clouds
167,Caravelas,BR,-17.7125,-39.2481,75.22,90,42,3.71,scattered clouds
168,Aurillac,FR,44.9167,2.45,30.02,74,41,10.36,scattered clouds
169,Stawell,AU,-37.05,142.7667,84.2,26,0,7.96,clear sky
170,Phalaborwa,ZA,-23.943,31.1411,67.28,80,24,4.32,few clouds
171,East London,ZA,-33.0153,27.9116,68.94,94,20,2.3,few clouds
172,Leningradskiy,RU,69.3833,178.4167,-19.95,98,94,4.88,overcast clouds
173,Norfolk,US,42.1668,-71.2495,45.86,82,0,5.75,clear sky
174,Loralai,PK,30.3705,68.598,50.68,19,0,1.81,clear sky
175,Batang Berjuntai,MY,3.3833,101.4167,87.46,65,96,2.62,overcast clouds
176,Dehloran,IR,32.6941,47.2679,52.75,74,3,5.55,clear sky
177,Yellowknife,CA,62.456,-114.3525,-13.45,84,100,0.0,light snow
178,San Quintin,MX,30.4833,-115.95,61.99,57,0,3.58,clear sky
179,Christchurch,NZ,-43.5333,172.6333,64.6,92,75,5.75,light rain
180,Fabiansebestyen,HU,46.6833,20.4667,40.03,77,73,6.42,broken clouds
181,Berlevag,NO,70.8578,29.0864,28.58,62,100,15.79,light snow
182,Srednekolymsk,RU,67.45,153.6833,-24.5,94,20,6.15,few clouds
183,Linden,GY,6.0,-58.3,77.14,91,40,2.59,scattered clouds
184,Manono,CD,-7.3,27.4167,66.04,97,100,2.57,overcast clouds
185,Lazaro Cardenas,MX,17.9583,-102.2,73.42,63,62,5.28,broken clouds
186,Muswellbrook,AU,-32.2667,150.9,74.25,47,55,12.91,broken clouds
187,Tiznit,MA,29.5833,-9.5,50.56,65,2,1.9,clear sky
188,Puerto Ayora,EC,-0.7393,-90.3518,72.55,100,86,5.99,light rain
189,Deputatskiy,RU,69.3,139.9,-13.4,94,100,5.57,overcast clouds
190,Kavaratti,IN,10.5669,72.642,80.35,75,34,8.37,scattered clouds
191,Merauke,ID,-8.4667,140.3333,85.93,64,38,6.6,scattered clouds
192,Port Hardy,CA,50.6996,-127.4199,42.76,93,20,3.44,few clouds
193,Pestravka,RU,52.405,49.9583,27.88,96,100,10.71,snow
194,Spearfish,US,44.4908,-103.8594,25.02,71,100,16.11,overcast clouds
195,Sao Gabriel Da Cachoeira,BR,-0.1303,-67.0892,71.82,96,100,1.41,moderate rain
196,Carnarvon,AU,-24.8667,113.6333,87.87,66,3,16.11,clear sky
197,Plattsburgh,US,44.6995,-73.4529,48.96,52,100,14.97,overcast clouds
198,Ilulissat,GL,69.2167,-51.1,30.22,59,100,17.27,overcast clouds
199,Reinosa,ES,42.9996,-4.138,36.21,90,98,4.34,overcast clouds
200,Vero Beach,US,27.6386,-80.3973,69.98,87,0,4.61,clear sky
201,Aksu,CN,41.1231,80.2644,30.43,35,3,2.1,clear sky
202,Port Macquarie,AU,-31.4333,152.9167,75.16,88,75,10.36,broken clouds
203,Nabire,ID,-3.3667,135.4833,79.41,90,77,4.99,broken clouds
204,Victoria,HK,22.2855,114.1577,71.96,86,13,4.0,few clouds
205,Vardo,NO,70.3705,31.1107,30.58,72,100,23.53,overcast clouds
206,Northview,US,43.0456,-85.6006,30.83,81,100,16.11,light snow
207,Xixiang,CN,35.1628,112.865,47.79,48,99,4.68,overcast clouds
208,Hirtshals,DK,57.5881,9.9592,35.42,75,86,25.19,overcast clouds
209,Sola,VU,-13.8833,167.55,84.87,79,100,3.44,heavy intensity rain
210,Castro,BR,-24.7911,-50.0119,58.15,97,7,5.37,clear sky
211,Kruisfontein,ZA,-34.0033,24.7314,61.29,77,0,4.03,clear sky
212,Batagay-Alyta,RU,67.8006,130.4114,-13.49,87,56,3.4,broken clouds
213,Kano,NG,12.0001,8.5167,57.09,47,0,5.75,haze
214,Ardesen,TR,41.1911,40.9875,42.76,55,0,4.45,clear sky
215,Nemuro,JP,43.3236,145.575,27.03,73,100,3.76,overcast clouds
216,Jamsa,FI,61.8642,25.19,20.71,89,42,11.83,scattered clouds
217,Pizhanka,RU,57.4604,48.542,16.54,98,97,5.99,overcast clouds
218,Reconquista,AR,-29.15,-59.65,72.95,62,100,20.47,moderate rain
219,Solnechnyy,RU,50.7214,136.6319,14.43,87,100,8.3,overcast clouds
220,Chuy,UY,-33.6971,-53.4616,71.1,88,47,8.57,scattered clouds
221,Shahrud,IR,36.4182,54.9763,36.1,84,99,7.31,overcast clouds
222,Laguna,US,38.421,-121.4238,64.4,73,0,3.44,clear sky
223,Sur,OM,22.5667,59.5289,68.97,50,0,3.6,clear sky
224,Barreiras,BR,-12.1528,-44.99,69.89,91,28,0.74,scattered clouds
225,Longyearbyen,SJ,78.2186,15.6401,19.24,86,75,2.3,light snow
226,Shahjahanpur,IN,27.8833,79.9167,56.64,53,0,7.87,clear sky
227,Kilis,TR,36.7161,37.115,32.23,72,0,3.83,clear sky
228,Payo,ID,-3.7508,103.6372,84.61,62,99,3.49,overcast clouds
229,Kyren,RU,51.6828,102.1408,-3.35,89,51,1.68,broken clouds
230,Palafrugell,ES,41.9174,3.1631,51.57,49,21,8.25,few clouds
231,Shirokiy,RU,49.758,129.523,8.35,89,100,11.36,overcast clouds
232,Nouadhibou,MR,20.931,-17.0347,68.43,52,75,10.87,broken clouds
233,Bar Harbor,US,44.3876,-68.2039,45.23,73,0,15.99,clear sky
234,Petropavlovsk-Kamchatskiy,RU,53.0452,158.6483,19.99,42,0,2.24,clear sky
235,Juegang,CN,32.3174,121.1855,49.91,62,55,9.66,broken clouds
236,Chara,RU,56.9064,118.2631,-20.07,95,100,1.45,overcast clouds
237,Mabaruma,GY,8.2,-59.7833,70.84,95,27,2.62,scattered clouds
238,Soe,ID,-9.8607,124.284,76.82,79,93,3.83,overcast clouds
239,San Patricio,US,28.017,-97.5169,64.49,86,0,9.91,clear sky
240,Roald,NO,62.5833,6.1333,39.34,87,100,21.85,overcast clouds
241,Maceio,BR,-9.6658,-35.7353,78.24,83,40,2.3,scattered clouds
242,Asheboro,US,35.7079,-79.8136,56.61,40,0,11.5,clear sky
243,Masuda,JP,34.6667,131.85,52.07,50,75,8.05,broken clouds
244,Wanning,CN,18.8003,110.3967,70.59,75,71,13.47,broken clouds
245,Lincoln,US,40.8,-96.667,20.17,54,0,20.71,clear sky
246,Simpsonville,US,34.7371,-82.2543,55.92,47,0,11.5,clear sky
247,San Pedro,PH,14.35,121.0167,89.31,61,20,9.22,few clouds
248,Sangar,RU,63.9242,127.4739,-25.02,97,99,1.14,overcast clouds
249,High Level,CA,58.5169,-117.136,-3.89,84,0,2.3,clear sky
250,Ayan,RU,56.45,138.1667,8.83,77,100,3.71,overcast clouds
251,Lavrentiya,RU,65.5833,-171.0,-25.08,93,9,8.05,clear sky
252,Emerald,AU,-23.5333,148.1667,90.34,43,0,5.75,clear sky
253,Biskamzha,RU,53.4497,89.5272,5.74,81,7,3.18,clear sky
254,Meulaboh,ID,4.1363,96.1285,82.87,66,89,2.84,overcast clouds
255,Saint-Raymond,CA,45.467,-73.6095,43.14,70,100,11.5,overcast clouds
256,Diego De Almagro,CL,-26.3667,-70.05,63.12,51,0,0.51,clear sky
257,Pizarro,CO,4.9533,-77.366,76.06,91,97,5.08,light rain
258,Quatre Cocos,MU,-20.2078,57.7625,78.1,74,66,5.35,broken clouds
259,Severo-Kurilsk,RU,50.6789,156.125,27.45,75,95,9.17,overcast clouds
260,Aasiaat,GL,68.7098,-52.8699,12.94,93,100,3.4,overcast clouds
261,Tuatapere,NZ,-46.1333,167.6833,59.83,57,85,11.97,overcast clouds
262,Eunice,US,30.4944,-92.4176,53.94,74,0,6.04,clear sky
263,New Norfolk,AU,-42.7826,147.0587,72.66,27,6,1.99,clear sky
264,Necochea,AR,-38.5473,-58.7368,55.04,61,91,11.05,overcast clouds
265,Biak,ID,-0.9131,122.8766,80.26,78,92,5.3,overcast clouds
266,Kamaishi,JP,39.2667,141.8833,36.55,57,22,3.89,few clouds
267,Hailar,CN,49.2,119.7,-2.81,92,100,4.83,overcast clouds
268,Bend,US,44.0582,-121.3153,42.66,45,0,7.0,clear sky
269,Susanville,US,40.4163,-120.653,43.66,72,0,6.91,clear sky
270,Verkhnyaya Inta,RU,65.9811,60.3094,6.13,75,100,12.88,overcast clouds
271,Lompoc,US,34.6391,-120.4579,65.59,61,0,3.44,clear sky
272,El Dorado,US,38.7666,-120.5177,57.72,58,0,9.64,clear sky
273,Broken Hill,AU,-31.95,141.4333,82.11,24,0,10.36,clear sky
274,Le Port,RE,-20.9373,55.2919,78.8,74,42,6.4,scattered clouds
275,Faanui,PF,-16.4833,-151.75,82.22,70,100,13.42,overcast clouds
276,Dongkan,CN,33.9997,119.8308,50.86,40,9,8.41,clear sky
277,Coracao De Jesus,BR,-16.6853,-44.365,70.52,94,93,2.84,overcast clouds
278,Brae,GB,60.3964,-1.353,42.71,90,100,24.79,overcast clouds
279,Rotifunk,SL,8.2333,-12.6833,70.29,98,26,2.15,scattered clouds
280,Mandiana,GN,10.6333,-8.6833,67.57,17,1,5.23,clear sky
281,Monteagudo,BO,-19.8167,-63.9833,65.34,98,100,2.13,overcast clouds
282,Prince Rupert,CA,54.3161,-130.3201,38.89,93,0,6.91,clear sky
283,Norman Wells,CA,65.282,-126.8329,-25.56,68,20,2.3,few clouds
284,Ojinaga,MX,29.5667,-104.4167,61.41,23,0,9.22,clear sky
285,Morki,RU,56.4303,48.9947,22.24,96,96,6.62,overcast clouds
286,Ahipara,NZ,-35.1667,173.1667,78.94,81,84,22.1,broken clouds
287,Palmer,US,42.1584,-72.3287,46.89,57,100,10.36,overcast clouds
288,Kaniama,CD,-7.5667,24.1833,64.09,95,100,3.51,overcast clouds
289,Thohoyandou,ZA,-22.9456,30.485,62.71,69,59,4.14,broken clouds
290,Coihaique,CL,-45.5752,-72.0662,52.41,71,66,3.44,broken clouds
291,Angola,AO,-12.5,18.5,59.52,87,100,0.94,overcast clouds
292,Muros,ES,42.7762,-9.0603,51.24,96,8,2.91,clear sky
293,Flinders,AU,-34.5833,150.8552,74.8,89,76,5.99,moderate rain
294,Bhawanipatna,IN,19.9,83.1667,71.55,27,99,4.7,overcast clouds
295,Beni Suef,EG,29.0731,31.0979,48.11,77,0,6.64,clear sky
296,Iqaluit,CA,63.7506,-68.5145,-13.27,77,20,4.61,few clouds
297,Muriti,TZ,-1.9833,32.9167,68.11,79,100,13.47,light rain
298,Dalbandin,PK,28.8947,64.4101,60.53,17,0,1.88,clear sky
299,Gazanjyk,TM,39.2446,55.5154,38.79,55,1,5.84,clear sky
300,Zaysan,KZ,47.4667,84.8667,8.08,85,46,1.54,scattered clouds
301,San Bartolome,ES,27.9248,-15.5733,54.07,59,0,13.8,clear sky
302,Touros,BR,-5.1989,-35.4608,79.7,81,89,9.64,overcast clouds
303,Oranjemund,NA,-28.55,16.4333,66.27,82,100,13.18,light rain
304,Scarborough,GB,54.2797,-0.4044,40.84,83,100,15.99,overcast clouds
305,Feira,PT,40.9254,-8.5428,51.91,91,75,1.72,broken clouds
306,Portland,US,45.5234,-122.6762,59.58,39,0,14.97,clear sky
307,Tessalit,ML,20.1986,1.0114,62.06,18,18,7.74,few clouds
308,Marevo,RU,57.3146,32.0804,19.53,98,93,7.07,overcast clouds
309,Darhan,MN,49.4867,105.9228,-7.65,91,100,0.51,overcast clouds
310,Tura,IN,25.5198,90.2201,67.62,38,0,2.98,clear sky
311,Xihe,CN,31.6864,113.4659,41.16,87,100,8.7,overcast clouds
312,Lujan,AR,-34.5703,-59.105,59.02,85,100,3.0,moderate rain
313,Chifeng,CN,42.2683,118.9636,17.4,69,100,6.51,overcast clouds
314,Oblivskaya,RU,48.5362,42.5014,37.51,99,100,6.02,overcast clouds
315,Bambanglipuro,ID,-7.95,110.2833,76.6,64,100,0.22,overcast clouds
316,Cherskiy,RU,68.75,161.3,-31.45,99,100,6.55,overcast clouds
317,Marquette,US,46.5333,-87.6335,8.37,87,100,17.98,light snow
318,Churapcha,RU,62.0025,132.4325,-15.09,91,86,3.89,overcast clouds
319,Codrington,AU,-38.2667,141.9667,77.54,45,5,14.88,clear sky
320,Abha,SA,18.2164,42.5053,51.62,93,0,0.0,clear sky
321,Chokurdakh,RU,70.6333,147.9167,-2.92,95,100,13.58,overcast clouds
322,Noumea,NC,-22.2763,166.4572,84.99,99,100,4.7,overcast clouds
323,Anadyr,RU,64.75,177.4833,-34.01,73,20,13.42,mist
324,Matara,LK,5.9485,80.5353,81.66,74,99,7.67,light rain
325,Elko,US,41.0002,-115.5012,38.23,47,90,4.0,overcast clouds
326,Santa Maria,BR,-29.6842,-53.8069,70.9,83,0,5.75,clear sky
327,Gogrial,SS,8.5332,28.1004,69.03,24,63,5.12,broken clouds
328,Moose Factory,CA,51.2585,-80.6094,-14.8,70,40,11.5,scattered clouds
329,Vestmannaeyjar,IS,63.4427,-20.2734,32.61,69,100,3.27,overcast clouds
330,Bundaberg,AU,-24.85,152.35,83.21,56,75,18.41,light rain
331,Faya,SA,18.3851,42.4509,51.91,89,10,3.31,clear sky
332,Bazarnyye Mataki,RU,54.8833,49.9333,12.15,99,93,4.76,overcast clouds
333,Gravdal,NO,68.1214,13.5031,28.6,89,99,2.3,snow
334,Rio Grande,BR,-32.035,-52.0986,75.31,85,16,15.23,few clouds
335,Port Blair,IN,11.6667,92.75,82.44,65,40,9.22,scattered clouds
336,College,US,64.8569,-147.8028,1.98,78,75,6.91,broken clouds
337,Puerto Leguizamo,CO,-0.1934,-74.7819,73.2,95,97,0.31,overcast clouds
338,Kargasok,RU,59.0556,80.8572,-10.88,99,77,9.26,broken clouds
339,Belyy Yar,RU,53.6039,91.3903,-25.71,68,93,2.24,smoke
340,Mitsamiouli,KM,-11.3847,43.2844,79.52,78,88,5.79,light rain
341,Alofi,NU,-19.0595,-169.9187,84.09,70,40,14.97,scattered clouds
342,Perth,AU,-31.9333,115.8333,84.04,46,0,16.11,clear sky
343,Torbay,CA,47.6666,-52.7314,33.58,91,40,10.36,scattered clouds
344,Unecha,RU,52.8459,32.6739,28.29,98,100,5.82,snow
345,Beringovskiy,RU,63.05,179.3167,-23.57,94,21,9.55,few clouds
346,Luderitz,NA,-26.6481,15.1594,74.1,69,35,5.95,scattered clouds
347,Kavieng,PG,-2.5744,150.7967,83.79,69,55,5.77,broken clouds
348,Labuhan,ID,-6.8844,112.2051,78.85,84,100,7.85,overcast clouds
349,Madang,PG,-5.2246,145.7966,84.56,71,91,6.49,overcast clouds
350,Belaya Gora,RU,68.5333,146.4167,-20.94,93,93,5.12,overcast clouds
351,Russell,US,32.3502,-85.1999,54.63,79,0,4.61,clear sky
352,Tateyama,JP,34.9833,139.8667,48.47,45,57,4.56,broken clouds
353,Garowe,SO,8.4054,48.4845,64.74,78,100,9.22,overcast clouds
354,Bogande,BF,12.9714,-0.1436,69.57,12,0,7.76,clear sky
355,Constantine,DZ,36.365,6.6147,44.01,93,40,4.61,scattered clouds
356,Alyangula,AU,-13.8483,136.4192,87.67,79,75,6.91,broken clouds
357,Kilindoni,TZ,-7.9139,39.6668,80.02,79,74,9.6,broken clouds
358,Ucluelet,CA,48.9329,-125.5528,41.09,89,46,2.51,scattered clouds
359,Bandarban,BD,22.1965,92.2262,69.51,36,5,5.08,clear sky
360,Lata,PT,40.1629,-8.3327,50.92,96,100,1.01,overcast clouds
361,Toora-Khem,RU,52.4675,96.11,-13.58,97,100,2.13,overcast clouds
362,Sukhobezvodnoye,RU,57.0491,44.8891,15.06,97,75,4.81,light snow
363,Vostok,RU,46.4856,135.8833,16.2,92,100,5.14,snow
364,Pyapon,MM,16.2833,95.6833,84.99,23,1,10.22,clear sky
365,Majene,ID,-3.5403,118.9707,76.37,91,100,10.78,overcast clouds
366,Mecca,SA,21.4267,39.8261,64.65,50,32,6.4,scattered clouds
367,Kindersley,CA,51.4668,-109.1682,13.78,72,100,9.22,overcast clouds
368,Alamosa,US,37.4695,-105.87,35.11,50,0,4.61,clear sky
369,Atasu,KZ,48.6814,71.6433,22.48,95,100,18.16,light snow
370,Provideniya,RU,64.3833,-173.3,-15.38,90,4,8.68,clear sky
371,Aklavik,CA,68.2191,-135.0107,-22.97,98,8,9.66,clear sky
372,Altay,CN,47.8667,88.1167,8.02,73,22,4.03,few clouds
373,Port Hawkesbury,CA,45.6169,-61.3485,36.7,90,40,5.75,scattered clouds
374,Puerto Lempira,HN,15.2667,-83.7667,74.86,88,2,4.14,clear sky
375,Souillac,MU,-20.5167,57.5167,79.36,94,40,5.75,light intensity shower rain
376,Jiwani,PK,25.05,61.7417,70.39,53,0,7.2,clear sky
377,La Ronge,CA,55.1001,-105.2842,-9.15,77,20,3.44,few clouds
378,Asau,RO,46.4333,26.4,36.95,79,100,2.86,overcast clouds
379,Hay River,CA,60.8156,-115.7999,-13.04,84,40,3.44,scattered clouds
380,Malakal,SS,9.5334,31.6605,75.42,14,61,9.06,broken clouds
381,Arlit,NE,18.7369,7.3853,59.5,20,2,2.55,clear sky
382,Iwanai,JP,42.9744,140.5089,34.12,77,70,3.47,broken clouds
383,Inhambane,MZ,-23.865,35.3833,74.37,76,4,6.98,clear sky
384,Opotiki,NZ,-38.0833,177.2833,76.39,98,97,9.19,overcast clouds
385,Denpasar,ID,-8.65,115.2167,83.86,79,40,12.66,scattered clouds
386,Abilene,US,32.4487,-99.7331,57.06,49,0,19.57,clear sky
387,Malang,ID,-7.9797,112.6304,77.16,74,99,4.5,overcast clouds
388,Hobyo,SO,5.3505,48.5268,76.66,63,100,15.1,overcast clouds
389,Sorland,NO,67.667,12.6934,32.92,54,82,24.14,broken clouds
390,Chapais,CA,49.7834,-74.8492,15.58,98,100,2.13,light snow
391,Taoudenni,ML,22.6783,-3.9836,58.19,27,5,10.13,clear sky
392,Hearst,CA,49.6835,-83.6665,-14.55,91,100,11.63,overcast clouds
393,Vao,NC,-22.6667,167.4833,80.08,83,100,11.48,overcast clouds
394,Tazovskiy,RU,67.4667,78.7,-9.69,85,100,10.67,overcast clouds
395,Leshukonskoye,RU,64.8989,45.7622,17.56,97,98,5.17,overcast clouds
396,Rudbar,AF,30.15,62.6,57.51,24,0,0.81,clear sky
397,San Jose,US,37.3394,-121.895,67.87,55,40,1.99,scattered clouds
398,Pundaguitan,PH,6.3711,126.1689,81.37,77,100,10.29,overcast clouds
399,Suntar,RU,62.1444,117.6319,-4.99,91,86,4.07,overcast clouds
400,Puerto Suarez,BO,-18.95,-57.8,76.93,77,56,3.38,broken clouds
401,North Bend,US,43.4065,-124.2243,52.16,93,0,0.0,clear sky
402,Moa,CU,20.6569,-74.9403,74.05,82,12,9.55,few clouds
403,Ocampo,MX,21.65,-101.5,48.09,30,0,6.24,clear sky
404,Inuvik,CA,68.3499,-133.7218,-19.19,76,20,4.61,few clouds
405,Salalah,OM,17.0151,54.0924,69.89,73,40,5.75,scattered clouds
406,Maniitsoq,GL,65.4167,-52.9,30.13,85,100,18.86,light snow
407,Atambua,ID,-9.1061,124.8925,81.09,77,93,2.37,overcast clouds
408,Ixtapa,MX,20.7,-105.2,70.83,78,0,3.44,clear sky
409,Barahona,DO,18.2085,-71.1008,74.62,82,8,9.13,clear sky
410,Sarab,IR,38.6066,44.9883,27.05,70,7,4.12,clear sky
411,Montecristo,CO,8.2971,-74.4733,74.14,93,9,2.08,clear sky
412,Los Llanos De Aridane,ES,28.6585,-17.9182,62.35,39,75,9.22,broken clouds
413,Zheleznodorozhnyy,RU,55.7503,38.0042,32.22,92,90,6.6,snow
414,Yuzhnyy,RU,53.2542,83.6936,-7.22,71,99,4.47,smoke
415,Port Moresby,PG,-9.4431,147.1797,87.22,62,40,13.8,haze
416,Batsfjord,NO,70.6345,29.7185,25.48,71,100,13.96,light snow
417,Baghdad,IQ,33.3406,44.4009,46.31,66,0,10.36,clear sky
418,Kualakapuas,ID,-3.0091,114.3876,87.46,56,90,4.32,light rain
419,Fortuna,US,40.5982,-124.1573,53.1,83,98,2.48,overcast clouds
420,Sitka,US,57.0531,-135.33,42.69,87,100,9.22,mist
421,Ulkan,RU,57.243,107.3223,-8.61,93,100,0.72,overcast clouds
422,Pangnirtung,CA,66.1451,-65.7125,3.85,96,100,2.33,light snow
423,Puerto Escondido,MX,15.85,-97.0667,76.35,73,81,5.06,broken clouds
424,Villarrica,PY,-25.75,-56.4333,75.63,50,0,3.89,clear sky
425,Humberto De Campos,BR,-2.5983,-43.4611,76.26,92,100,3.83,overcast clouds
426,Vengerovo,RU,55.6848,76.7471,-12.46,98,61,8.66,broken clouds
427,Sao Jose Da Coroa Grande,BR,-8.8978,-35.1478,77.86,84,33,7.49,scattered clouds
428,Yumen,CN,40.2833,97.2,31.93,33,100,18.03,overcast clouds
429,Tucuman,AR,-26.8241,-65.2226,64.4,100,100,4.61,overcast clouds
430,Belmonte,BR,-15.8631,-38.8828,79.3,88,27,1.99,scattered clouds
431,Angoram,PG,-4.0625,144.0661,79.52,89,100,1.97,overcast clouds
432,Camabatela,AO,-8.1881,15.375,59.54,85,99,1.52,overcast clouds
433,Lapeer,US,43.0514,-83.3188,37.4,93,100,11.5,overcast clouds
434,Maragogi,BR,-9.0122,-35.2225,77.47,85,36,6.73,scattered clouds
435,Tete,MZ,-16.1564,33.5867,77.09,83,20,3.44,few clouds
436,Vershino-Darasunskiy,RU,52.35,115.5167,-3.59,71,22,4.05,few clouds
437,Bakau,GM,13.4781,-16.6819,73.54,31,16,5.75,few clouds
438,Orizona,BR,-17.0314,-48.2958,66.24,94,100,2.62,overcast clouds
439,Kendari,ID,-3.945,122.4989,79.41,87,99,4.36,overcast clouds
440,Raudeberg,NO,61.9875,5.1352,39.87,88,100,11.01,light rain
441,Tual,ID,-5.6667,132.75,82.49,68,79,1.48,broken clouds
442,Goderich,CA,43.7501,-81.7165,37.2,93,100,14.97,overcast clouds
443,Ciudad Real,ES,39.0,-4.0,43.11,67,34,1.01,scattered clouds
444,Tamandare,BR,-8.7597,-35.1047,77.68,84,30,7.11,scattered clouds
445,Sambava,MG,-14.2667,50.1667,75.45,87,13,4.0,few clouds
446,Esmeraldas,BR,-19.7625,-44.3139,68.31,99,100,5.88,overcast clouds
447,Kungurtug,RU,50.5994,97.5228,-10.61,90,27,1.5,scattered clouds
448,Lovozero,RU,68.005,35.0117,18.14,96,95,6.26,light snow
449,Qaqortoq,GL,60.7167,-46.0333,28.9,88,100,9.82,overcast clouds
450,Marienburg,PL,54.0359,19.0266,29.88,71,1,7.0,clear sky
451,Bronnoysund,NO,65.4625,12.1997,32.0,80,75,14.0,broken clouds
452,Hirara,JP,24.8,125.2833,68.27,88,75,9.22,broken clouds
453,Cayenne,GF,4.9333,-52.3333,77.09,87,100,6.91,overcast clouds
454,Yazman,PK,29.1212,71.7446,67.69,20,0,6.73,clear sky
455,Mandali,IQ,33.7499,45.5541,51.17,69,69,6.98,broken clouds
456,Sept-Iles,CA,50.2001,-66.3821,17.06,82,100,10.36,overcast clouds
457,Kaohsiung,TW,22.6163,120.3133,73.49,70,75,8.05,haze
458,Santa Cruz,BO,-17.8,-63.1667,78.26,89,75,3.44,broken clouds
459,Lao Cai,VN,22.4833,103.95,72.97,67,65,2.86,broken clouds
460,Annonay,FR,45.2397,4.6708,34.88,76,10,3.53,clear sky
461,Alice Springs,AU,-23.7,133.8833,87.35,20,0,10.36,clear sky
462,Wajima,JP,37.4,136.9,41.68,87,75,9.22,broken clouds
463,Kaeo,NZ,-35.1,173.7833,77.32,95,95,17.43,overcast clouds
464,Mahon,ES,39.8885,4.2658,45.16,93,0,4.61,clear sky
465,Baker City,US,44.7749,-117.8344,37.58,69,0,0.0,clear sky
466,Carutapera,BR,-1.195,-46.02,76.03,92,95,6.22,overcast clouds
467,Abeche,TD,13.8292,20.8324,63.3,15,3,9.37,clear sky
468,Ust-Ishim,RU,57.6935,71.1665,-7.28,93,8,8.79,clear sky
469,Lhokseumawe,ID,5.1801,97.1507,79.63,78,100,2.28,overcast clouds
470,Bolivar,US,37.6145,-93.4105,44.01,50,24,4.0,few clouds
471,Tonantins,BR,-2.8731,-67.8022,72.81,98,100,2.66,overcast clouds
472,Bama,NG,11.5221,13.6856,61.68,51,8,5.64,clear sky
473,Bitburg,DE,49.9667,6.5333,32.0,58,24,2.01,few clouds
474,Tigil,RU,57.8,158.6667,0.72,91,18,3.83,few clouds
475,Mount Gambier,AU,-37.8333,140.7667,80.51,29,3,6.91,clear sky
476,Bridlington,GB,54.0831,-0.1919,39.88,85,100,8.99,overcast clouds
477,Barguzin,RU,53.6167,109.6167,-9.58,93,54,1.41,broken clouds
478,Bathurst,AU,-33.4166,149.5806,82.83,52,19,5.01,few clouds
479,Tilichiki,RU,60.4667,166.1,-11.87,88,3,8.57,clear sky
480,Sobolevo,RU,54.4299,31.8996,22.41,96,99,7.45,overcast clouds
481,Takoradi,GH,4.8845,-1.7554,78.22,88,72,5.35,broken clouds
482,Amalapuram,IN,16.5833,82.0167,75.58,57,40,4.14,scattered clouds
483,Mucurici,BR,-18.0933,-40.5158,70.27,97,96,3.98,overcast clouds
484,Kimbe,PG,-5.5502,150.1429,80.58,83,99,5.82,light rain
485,Lufilufi,WS,-13.8745,-171.5986,83.98,74,40,11.16,scattered clouds
486,Novosergiyevka,RU,52.0934,53.6528,27.57,97,100,10.33,snow
487,Karimnagar,IN,18.4333,79.15,72.19,27,92,7.61,overcast clouds
488,Alekseyevsk,RU,57.8406,108.3492,-7.89,91,100,1.97,overcast clouds
489,Zamora,EC,-4.0692,-78.9567,67.3,99,100,1.48,light rain
490,Puerto Baquerizo Moreno,EC,-0.9,-89.6,74.88,88,99,7.92,overcast clouds
491,Ellisras,ZA,-23.6649,27.7443,63.3,54,0,4.09,clear sky
492,West Wendover,US,40.7391,-114.0733,40.84,53,38,3.18,scattered clouds
493,Nova Era,BR,-19.75,-43.0375,68.7,99,100,1.68,overcast clouds
494,Billings,US,45.7833,-108.5007,26.37,46,0,10.36,clear sky
495,Vizovice,CZ,49.2229,17.8545,35.87,90,86,1.92,overcast clouds
496,Banff,CA,51.1762,-115.5698,34.83,34,44,5.75,scattered clouds
497,Ajdabiya,LY,30.7554,20.2263,50.47,64,0,6.29,clear sky
498,Erzin,TR,36.9559,36.2,38.12,66,0,1.39,clear sky
499,Sao Joao Da Barra,BR,-21.6403,-41.0511,72.64,94,100,7.54,light rain
500,Adrar,MR,20.5022,-10.0711,58.03,23,61,9.69,broken clouds
501,Cururupu,BR,-1.8283,-44.8683,75.43,94,100,3.27,overcast clouds
502,Ancud,CL,-41.8697,-73.8203,54.93,81,69,4.54,broken clouds
503,Manavalakurichi,IN,8.1333,77.3,86.09,62,66,5.03,broken clouds
504,Road Town,VG,18.4167,-64.6167,75.99,77,14,22.24,few clouds
505,Jishui,CN,33.7333,115.4,47.93,55,58,6.04,broken clouds
506,Kahului,US,20.8947,-156.47,78.82,69,20,8.05,few clouds
507,Colesberg,ZA,-30.72,25.0972,68.81,26,0,3.78,clear sky
508,Cap Malheureux,MU,-19.9842,57.6142,79.47,78,63,1.99,broken clouds
509,Plavsk,RU,53.7094,37.2919,21.31,96,100,7.2,light snow
510,La Romana,DO,18.4273,-68.9728,78.53,94,20,8.05,few clouds
511,Imbituba,BR,-28.24,-48.6703,77.83,87,8,8.66,clear sky
512,Grand Gaube,MU,-20.0064,57.6608,79.38,78,59,1.99,broken clouds
513,Honningsvag,NO,70.9821,25.9704,29.82,55,100,12.66,light snow
514,Terme,TR,41.2092,36.9739,46.33,60,0,5.28,clear sky
515,Bosansko Grahovo,BA,44.1794,16.3639,37.85,76,100,8.97,overcast clouds
516,Qui Nhon,VN,13.7667,109.2333,78.1,77,100,8.5,overcast clouds
517,Mahibadhoo,MV,3.7833,72.9667,81.16,67,100,3.53,overcast clouds
518,Gerlafingen,CH,47.1698,7.5751,30.31,86,0,5.75,clear sky
519,Marzuq,YE,14.4,46.4667,62.17,35,12,1.79,few clouds
520,Vung Tau,VN,10.346,107.0843,82.24,66,91,9.04,overcast clouds
521,Pisco,PE,-13.7,-76.2167,69.85,73,0,11.5,clear sky
522,Yatou,CN,37.15,122.3833,42.98,50,45,6.38,scattered clouds
523,Nanaimo,CA,49.1663,-123.936,44.37,94,40,18.41,scattered clouds
524,Watford,GB,51.6553,-0.396,39.42,90,100,2.3,overcast clouds
525,Neftcala,AZ,39.3742,49.2472,45.23,79,96,5.84,overcast clouds
526,Lagos,NG,6.5833,3.75,80.92,96,1,2.24,clear sky
527,Karakulino,RU,56.012,53.7067,23.16,93,98,8.12,overcast clouds
528,Cedar City,US,37.6775,-113.0619,42.4,36,0,11.5,clear sky
529,Kendal,GB,54.3268,-2.7476,42.44,86,100,18.57,overcast clouds
530,El Tigre,VE,8.8875,-64.2454,74.7,58,12,15.3,few clouds
531,Cabedelo,BR,-6.9811,-34.8339,79.47,81,62,10.07,broken clouds
532,Maniwaki,CA,46.3834,-75.966,34.18,93,100,6.91,overcast clouds
533,Jiazi,CN,22.8779,116.067,68.79,71,21,10.54,few clouds
534,Blagoyevo,RU,63.3667,47.9167,17.55,96,99,5.97,overcast clouds
535,Pimenta Bueno,BR,-11.6725,-61.1936,73.53,98,100,3.11,overcast clouds
536,Princeton,US,25.5384,-80.4089,73.99,93,0,4.61,clear sky
537,Latung,PH,5.5,120.8833,80.85,76,100,5.23,overcast clouds
538,Ballina,AU,-28.8667,153.5667,77.04,76,40,23.02,scattered clouds
539,Kailua,US,21.4022,-157.7394,78.78,63,40,4.61,scattered clouds
540,Upington,ZA,-28.4478,21.2561,71.98,60,0,4.61,clear sky
541,Calabozo,VE,8.9242,-67.4293,80.69,51,26,9.84,scattered clouds
542,Voh,NC,-20.9667,164.7,83.52,75,61,6.24,broken clouds
543,Banda Aceh,ID,5.5577,95.3222,82.33,73,76,11.16,broken clouds
544,Vila Velha,BR,-20.3297,-40.2925,73.35,96,75,3.44,broken clouds
545,Maningrida,AU,-12.0667,134.2667,87.85,57,46,7.4,scattered clouds
546,Nyurba,RU,63.2842,118.3319,-7.24,95,94,3.38,overcast clouds
547,Namibe,AO,-15.1961,12.1522,75.61,82,100,2.89,overcast clouds
548,Galle,LK,6.0367,80.217,80.74,77,99,3.6,overcast clouds
549,Shediac,CA,46.2198,-64.5411,36.23,75,75,9.22,broken clouds
550,Manggar,ID,-2.8833,108.2667,85.98,64,90,6.38,overcast clouds
551,Belo Jardim,BR,-8.3356,-36.4242,70.97,85,29,4.9,scattered clouds
552,Unguia,CO,8.0434,-77.0945,75.4,92,100,3.44,overcast clouds
553,Laives,IT,46.4228,11.3348,37.9,51,0,3.4,clear sky
554,Aldan,RU,58.6031,125.3894,-12.82,94,100,4.9,overcast clouds
555,Ishigaki,JP,24.3448,124.1572,68.13,100,75,10.36,broken clouds
556,Muli,MV,2.9167,73.5667,81.3,68,79,5.57,broken clouds
557,Mirabad,AF,30.4362,61.8383,53.64,29,0,9.35,clear sky
558,Sinnamary,GF,5.3833,-52.95,75.76,89,78,9.51,broken clouds
559,Kloulklubed,PW,7.0419,134.2556,86.5,75,39,19.1,scattered clouds
560,Vila Franca Do Campo,PT,37.7167,-25.4333,61.2,79,93,3.96,overcast clouds
561,Aswan,EG,24.0934,32.907,49.3,57,0,5.75,clear sky
562,Muyezerskiy,RU,63.9333,31.65,17.35,92,99,10.02,overcast clouds
563,Comodoro Rivadavia,AR,-45.8667,-67.5,66.06,22,0,5.75,clear sky
564,Malumfashi,NG,11.7853,7.6218,56.14,19,1,10.09,clear sky
565,Kasempa,ZM,-13.4584,25.8338,62.76,97,100,3.31,overcast clouds
566,Togur,RU,58.3631,82.8265,-9.11,96,32,6.58,scattered clouds
567,Glendive,US,47.1053,-104.7125,21.18,73,100,0.0,overcast clouds
568,Morant Bay,JM,17.8815,-76.4093,78.42,80,5,8.81,clear sky
569,Okha,RU,53.5739,142.9478,22.5,86,95,7.27,overcast clouds
570,Qandala,SO,11.472,49.8728,72.95,62,15,6.22,few clouds
571,Manokwari,ID,-0.8667,134.0833,81.63,73,99,3.94,overcast clouds
572,Harper,LR,4.375,-7.7169,77.97,87,6,6.6,clear sky
573,Ewa Beach,US,21.3156,-158.0072,79.02,58,0,8.05,clear sky
574,Kovdor,RU,67.5662,30.4758,9.91,95,100,3.94,overcast clouds
575,Marrakesh,MA,31.6315,-8.0083,48.27,71,0,6.91,clear sky
576,Innisfail,AU,-17.5333,146.0333,95.22,61,3,9.08,clear sky
577,Gander,CA,48.9682,-54.5906,28.78,74,20,12.66,few clouds
578,Mogadishu,SO,2.0371,45.3438,76.87,78,20,16.11,few clouds
579,Gamba,GA,-2.65,10.0,76.3,91,98,5.37,overcast clouds
580,Cabrero,CL,-37.0333,-72.4,66.51,37,0,9.17,clear sky
581,Saurimo,AO,-9.6608,20.3916,62.02,96,94,0.85,overcast clouds
582,Viedma,AR,-40.8135,-62.9967,58.51,44,1,8.28,clear sky
583,Pocao De Pedras,BR,-4.6667,-44.85,72.77,98,100,2.04,light rain
584,Aripuana,BR,-9.1667,-60.6333,72.55,97,97,2.37,light rain
585,Kidal,ML,18.4411,1.4078,63.1,16,57,7.38,broken clouds
586,Hami,CN,42.8,93.45,29.35,69,100,6.89,overcast clouds
587,Hvittingfoss,NO,59.4833,10.0167,38.7,48,100,11.01,overcast clouds
588,Irbeyskoye,RU,55.6428,95.4522,-10.79,97,89,1.54,overcast clouds
589,Formosa,AR,-26.1775,-58.1781,73.38,88,100,10.36,light rain
590,Balud,PH,10.1476,123.6953,84.16,71,81,7.94,broken clouds
591,Coffs Harbour,AU,-30.3,153.1333,76.96,71,75,21.85,broken clouds
592,Nipawin,CA,53.3668,-104.0009,-7.56,77,100,11.5,overcast clouds
593,Tanabe,JP,33.7333,135.3667,54.61,31,75,6.91,broken clouds
594,Buala,SB,-8.145,159.5921,77.54,90,100,7.65,light rain
595,Soja,JP,34.6667,133.75,53.69,48,75,5.75,broken clouds
596,Acari,PE,-15.4311,-74.6158,72.05,80,51,2.77,broken clouds
597,Nuuk,GL,64.1835,-51.7216,34.41,75,100,10.36,light snow
598,Brawley,US,32.9787,-115.5303,78.1,26,0,0.0,clear sky
599,Luanda,AO,-8.8368,13.2343,74.55,86,83,6.69,broken clouds
600,Manga,BF,11.6636,-1.0731,71.31,13,5,7.02,clear sky
601,Sakakah,SA,29.9697,40.2064,42.37,63,0,7.56,clear sky
602,Poum,NC,-20.2333,164.0167,81.61,76,84,8.97,broken clouds
603,Dicabisagan,PH,17.0818,122.4157,76.57,84,88,5.97,overcast clouds
604,Syracuse,IT,37.0881,15.2792,47.89,70,100,4.0,overcast clouds
605,Orlovskiy,RU,46.8714,42.0592,36.93,89,84,12.86,broken clouds
606,Dongsheng,CN,39.8161,109.9776,24.57,43,100,9.04,overcast clouds
607,Jaisalmer,IN,26.9147,70.9181,67.8,20,0,8.77,clear sky
608,Palauig,PH,15.435,119.9045,84.27,57,74,7.31,broken clouds
609,Whitianga,NZ,-36.8333,175.7,75.97,92,70,10.36,broken clouds
610,Bela,IN,25.9333,81.9833,61.74,44,0,8.7,clear sky
611,Lebanon,US,36.2081,-86.2911,62.65,41,100,6.91,overcast clouds
612,Cordoba,AR,-31.4135,-64.1811,60.42,99,100,14.97,light intensity drizzle
613,Nizhneangarsk,RU,55.7833,109.55,-10.41,77,17,2.93,few clouds
614,Aquiraz,BR,-3.9014,-38.3911,80.69,87,72,8.1,broken clouds
615,Bilibino,RU,68.0546,166.4372,-31.56,100,62,1.16,broken clouds
616,Oussouye,SN,12.485,-16.5469,75.29,19,3,7.63,clear sky
617,Celestun,MX,20.8667,-90.4,72.86,80,100,11.54,overcast clouds
618,Haines Junction,CA,60.7522,-137.5108,24.75,80,100,2.3,overcast clouds
619,Coquimbo,CL,-29.9533,-71.3436,64.13,82,0,3.44,clear sky
620,Makakilo City,US,21.3469,-158.0858,77.32,59,0,8.05,clear sky
621,Channel-Port Aux Basques,CA,47.5702,-59.1367,27.28,85,81,1.43,broken clouds
622,Miandrivazo,MG,-19.5167,45.4667,79.52,81,43,0.74,scattered clouds
623,Lobito,AO,-12.3481,13.5456,74.59,74,100,2.89,overcast clouds
624,Fairbanks,US,64.8378,-147.7164,1.98,78,75,6.91,broken clouds
625,Qasigiannguit,GL,68.8193,-51.1922,30.45,96,100,1.72,overcast clouds
626,Osypenko,UA,46.9136,36.8253,37.83,95,92,8.77,overcast clouds
627,Nioro,GM,13.35,-15.75,74.82,13,16,11.41,few clouds
628,Saint George,US,37.1041,-113.5841,63.19,23,0,21.85,clear sky
629,Otane,NZ,-39.8833,176.6333,79.86,77,93,7.05,overcast clouds
630,Lorengau,PG,-2.0226,147.2712,83.25,72,99,1.1,overcast clouds
631,Lae,PG,-6.7221,146.9847,84.54,62,100,7.83,overcast clouds
632,Sudbury,CA,46.49,-80.99,31.06,87,97,14.2,overcast clouds
633,Malanje,AO,-9.5402,16.341,62.74,70,100,2.13,overcast clouds
634,Jamkhandi,IN,16.5167,75.3,76.14,49,27,12.82,scattered clouds
635,Kuala Terengganu,MY,5.3302,103.1408,80.55,83,40,2.3,scattered clouds
636,Egvekinot,RU,66.3167,-179.1667,-20.76,87,10,8.55,clear sky
637,Langsa,ID,4.4683,97.9683,76.28,87,100,1.74,overcast clouds
638,Yanam,IN,16.7333,82.2167,75.6,58,87,5.08,overcast clouds
639,Brigantine,US,39.4101,-74.3646,54.28,65,0,17.27,clear sky
640,Kutum,SD,14.2,24.6667,50.14,24,9,5.37,clear sky
641,Shagonar,RU,51.5333,92.8,-16.98,94,93,1.39,overcast clouds
642,Bereda,ES,43.2686,-7.5406,45.14,100,84,0.56,broken clouds
643,Itacurubi De La Cordillera,PY,-25.45,-56.85,79.5,51,19,3.24,few clouds
644,Nurobod,UZ,40.9056,69.8023,32.85,95,100,0.29,overcast clouds
645,Lodwar,KE,3.1191,35.5973,82.26,41,24,11.45,few clouds
646,Bahia Honda,CU,22.9036,-83.1592,72.05,85,70,7.11,broken clouds
647,Elizabeth City,US,36.2946,-76.2511,55.02,62,0,10.36,clear sky
648,Ranong,TH,9.9658,98.6348,85.93,55,85,0.49,overcast clouds
649,Tondano,ID,1.3038,124.9112,78.89,68,72,3.76,broken clouds
650,Potrerillos,HN,15.2333,-87.9667,73.22,99,34,1.05,scattered clouds
651,Allapalli,IN,19.4167,80.0667,73.83,24,100,3.74,overcast clouds
652,Izhma,RU,65.0083,53.9113,13.24,90,100,10.98,overcast clouds
653,Kagay,PH,6.0088,120.9074,83.66,72,100,5.82,overcast clouds
654,Bonavista,CA,48.6499,-53.1147,35.11,75,8,16.04,clear sky
655,Mehamn,NO,71.0357,27.8492,25.29,65,91,10.13,light snow
656,Thale,DE,51.75,11.05,32.65,88,6,4.76,clear sky
657,Dire Dawa,ET,9.5931,41.8661,62.65,60,1,1.36,clear sky
658,Benguela,AO,-12.5763,13.4055,73.78,74,100,3.0,overcast clouds
659,Gimli,CA,50.6336,-96.9907,-16.58,63,33,4.61,scattered clouds
660,Ouallam,NE,14.3188,2.0866,66.94,13,0,10.36,clear sky
661,Ola,RU,59.5833,151.2833,12.15,66,99,1.92,overcast clouds
662,Sibanicu,CU,21.235,-77.5264,75.65,87,12,5.7,few clouds
663,Hambantota,LK,6.1241,81.1185,82.74,89,20,10.36,few clouds
664,Haapiti,PF,-17.5667,-149.8667,80.33,73,75,14.2,broken clouds
665,Oriximina,BR,-1.7656,-55.8661,74.59,95,98,1.74,overcast clouds
666,Iquitos,PE,-3.7481,-73.2472,75.24,100,75,4.61,broken clouds
667,Bouca,CF,6.5105,18.2733,67.08,22,8,3.24,clear sky
668,Ife,NG,7.4667,4.5667,70.11,97,35,0.74,scattered clouds
669,Laredo,US,27.5064,-99.5075,66.85,72,0,13.8,clear sky
670,Raul Soares,BR,-20.1022,-42.4519,67.57,98,100,4.0,overcast clouds
671,Soyo,AO,-6.1349,12.3689,76.39,89,56,5.82,broken clouds
672,Olafsvik,IS,64.8945,-23.7142,27.5,74,100,24.81,overcast clouds
673,Pampa,US,35.5362,-100.9599,41.95,69,0,8.05,clear sky
674,Talcahuano,CL,-36.7167,-73.1167,56.88,77,0,4.61,clear sky
675,Ubajara,BR,-3.8544,-40.9211,64.94,97,96,4.0,overcast clouds
676,Okhotsk,RU,59.3833,143.3,2.07,75,37,9.4,scattered clouds
677,Guangyuan,CN,32.442,105.823,50.02,52,100,4.12,overcast clouds
678,Lujiang,CN,31.2581,117.2817,39.25,95,100,2.19,overcast clouds
679,Moron,AR,-34.6534,-58.6198,60.69,93,100,11.5,moderate rain
680,Moranbah,AU,-22.0016,148.0466,93.49,27,0,12.33,clear sky
681,Lohr,DE,49.9936,9.5783,29.66,90,8,2.55,clear sky
682,Mildura,AU,-34.2,142.15,86.07,36,0,3.44,clear sky
683,Mucurapo,TT,10.6667,-61.5333,75.25,82,26,11.68,scattered clouds
684,Poronaysk,RU,49.2167,143.1167,24.64,90,100,6.93,light snow
685,Draganesti,RO,45.7833,27.4667,39.15,82,93,18.3,overcast clouds
